ID,GB_LIST,SPOT_ID,seqname,RANGE_GB,RANGE_STRAND,RANGE_START,RANGE_STOP,total_probes,gene_assignment,mrna_assignment,category
7896779,"NM_198317,XM_005244744,XM_006710601,AY423763,BC033192,BC045768,BC105742,AK293258",chr1:895967-901099,chr1,NC_000001.10,+,895967,901099,47,"NM_198317 // KLHL17 // kelch-like family member 17 // 1p36.33 // 339451 /// XM_005244744 // KLHL17 // kelch-like family member 17 // 1p36.33 // 339451 /// XM_006710601 // KLHL17 // kelch-like family member 17 // 1p36.33 // 339451 /// ENST00000338591 // KLHL17 // kelch-like family member 17 // 1p36.33 // 339451 /// ENST00000463212 // KLHL17 // kelch-like family member 17 // 1p36.33 // 339451 /// ENST00000466300 // KLHL17 // kelch-like family member 17 // 1p36.33 // 339451 /// AY423763 // KLHL17 // kelch-like family member 17 // 1p36.33 // 339451 /// BC033192 // KLHL17 // kelch-like family member 17 // 1p36.33 // 339451 /// BC045768 // KLHL17 // kelch-like family member 17 // 1p36.33 // 339451 /// BC105742 // KLHL17 // kelch-like family member 17 // 1p36.33 // 339451 /// AK293258 // KLHL17 // kelch-like family member 17 // 1p36.33 // 339451","NM_198317 // RefSeq // Homo sapiens kelch-like family member 17 (KLHL17), mRNA. // chr1 // 100 // 83 // 39 // 39 // 0 /// XM_005244744 // RefSeq // PREDICTED: Homo sapiens kelch-like family member 17 (KLHL17), transcript variant X1, mRNA. // chr1 // 100 // 79 // 37 // 37 // 0 /// XM_006710601 // RefSeq // PREDICTED: Homo sapiens kelch-like family member 17 (KLHL17), transcript variant X3, mRNA. // chr1 // 100 // 43 // 20 // 20 // 0 /// ENST00000338591 // ENSEMBL // ensembl_havana_transcript:known chromosome:GRCh38:1:960587:965715:1 gene:ENSG00000187961 gene_biotype:protein_coding transcript_biotype:protein_coding // chr1 // 100 // 83 // 39 // 39 // 0 /// ENST00000463212 // ENSEMBL // havana:known chromosome:GRCh38:1:961449:962478:1 gene:ENSG00000187961 gene_biotype:protein_coding transcript_biotype:retained_intron // chr1 // 100 // 32 // 15 // 15 // 0 /// ENST00000466300 // ENSEMBL // havana:known chromosome:GRCh38:1:962727:964530:1 gene:ENSG00000187961 gene_biotype:protein_coding transcript_biotype:nonsense_mediated_decay // chr1 // 100 // 28 // 13 // 13 // 0 /// AY423763 // GenBank // Homo sapiens actinfilin mRNA, complete cds. // chr1 // 100 // 83 // 39 // 39 // 0 /// BC033192 // GenBank // Homo sapiens cDNA clone IMAGE:4661653. // chr1 // 100 // 45 // 21 // 21 // 0 /// BC045768 // GenBank // Homo sapiens kelch-like 17 (Drosophila), mRNA (cDNA clone IMAGE:5732717), complete cds. // chr1 // 100 // 32 // 15 // 15 // 0 /// BC105742 // GenBank // Homo sapiens kelch-like 17 (Drosophila), mRNA (cDNA clone IMAGE:40026625), complete cds. // chr1 // 97 // 64 // 29 // 30 // 0 /// AK293258 // GenBank // Homo sapiens cDNA FLJ50001 complete cds, moderately similar to Kelch-like protein 17. // chr1 // 17 // 17 // 8 // 47 // 1 /// ENST00000622660 // ENSEMBL // ensembl:known chromosome:GRCh38:1:960639:965602:1 gene:ENSG00000187961 gene_biotype:protein_coding transcript_biotype:protein_coding // chr1 // 97 // 64 // 29 // 30 // 0 /// GENSCAN00000017660 // ENSEMBL // cdna:genscan chromosome:GRCh38:1:959789:974544:1 transcript_biotype:protein_coding // chr1 // 97 // 79 // 36 // 37 // 0",main
7896861,"NR_029834",chr1:1103243-1103332,chr1,NC_000001.10,+,1103243,1103332,25,"NR_029834 // MIR200A // microRNA 200a // 1p36.33 // 406983 /// ENST00000384875 // MIR200A // microRNA 200a // 1p36.33 // 406983","NR_029834 // RefSeq // Homo sapiens microRNA 200a (MIR200A), microRNA. // chr1 // 100 // 100 // 25 // 25 // 0 /// ENST00000384875 // ENSEMBL // ncrna:known chromosome:GRCh38:1:1167846:1167956:1 gene:ENSG00000207607 gene_biotype:miRNA transcript_biotype:miRNA // chr1 // 100 // 100 // 25 // 25 // 0 /// hsa-mir-200a // miRBase Micro RNA Database // MI0000737 Homo sapiens miR-200a stem-loop // chr1 // 100 // 100 // 25 // 25 // 0 /// NONHSAT000250 // NONCODE // Non-coding transcript identified by NONCODE: Linc // chr1 // 100 // 100 // 25 // 25 // 0 /// NONHSAT000253 // NONCODE // Non-coding transcript identified by NONCODE // chr1 // 100 // 100 // 25 // 25 // 0",main
7896865,"NM_001130045,NM_153254,XM_005244738,XM_006710548,XR_426596,BC126152,BC126154",chr1:1109283-1133315,chr1,NC_000001.10,+,1109283,1133315,32,"NM_001130045 // TTLL10 // tubulin tyrosine ligase-like family, member 10 // 1p36.33 // 254173 /// NM_153254 // TTLL10 // tubulin tyrosine ligase-like family, member 10 // 1p36.33 // 254173 /// XM_005244738 // TTLL10 // tubulin tyrosine ligase-like family, member 10 // 1p36.33 // 254173 /// XM_006710548 // TTLL10 // tubulin tyrosine ligase-like family, member 10 // 1p36.33 // 254173 /// XR_426596 // TTLL10 // tubulin tyrosine ligase-like family, member 10 // 1p36.33 // 254173 /// ENST00000379288 // TTLL10 // tubulin tyrosine ligase-like family, member 10 // 1p36.33 // 254173 /// ENST00000379289 // TTLL10 // tubulin tyrosine ligase-like family, member 10 // 1p36.33 // 254173 /// ENST00000379290 // TTLL10 // tubulin tyrosine ligase-like family, member 10 // 1p36.33 // 254173 /// ENST00000460998 // TTLL10 // tubulin tyrosine ligase-like family, member 10 // 1p36.33 // 254173 /// BC126152 // TTLL10 // tubulin tyrosine ligase-like family, member 10 // 1p36.33 // 254173 /// BC126154 // TTLL10 // tubulin tyrosine ligase-like family, member 10 // 1p36.33 // 254173","NM_001130045 // RefSeq // Homo sapiens tubulin tyrosine ligase-like family, member 10 (TTLL10), transcript variant 1, mRNA. // chr1 // 100 // 56 // 18 // 18 // 0 /// NM_153254 // RefSeq // Homo sapiens tubulin tyrosine ligase-like family, member 10 (TTLL10), transcript variant 2, mRNA. // chr1 // 100 // 94 // 30 // 30 // 0 /// XM_005244738 // RefSeq // PREDICTED: Homo sapiens tubulin tyrosine ligase-like family, member 10 (TTLL10), transcript variant X2, mRNA. // chr1 // 100 // 63 // 20 // 20 // 0 /// XM_006710548 // RefSeq // PREDICTED: Homo sapiens tubulin tyrosine ligase-like family, member 10 (TTLL10), transcript variant X4, mRNA. // chr1 // 100 // 56 // 18 // 18 // 0 /// XR_426596 // RefSeq // PREDICTED: Homo sapiens tubulin tyrosine ligase-like family, member 10 (TTLL10), transcript variant X6, misc_RNA. // chr1 // 100 // 56 // 18 // 18 // 0 /// ENST00000379288 // ENSEMBL // havana:known chromosome:GRCh38:1:1179697:1185864:1 gene:ENSG00000162571 gene_biotype:protein_coding transcript_biotype:protein_coding // chr1 // 100 // 94 // 30 // 30 // 0 /// ENST00000379289 // ENSEMBL // ensembl:known chromosome:GRCh38:1:1173906:1197933:1 gene:ENSG00000162571 gene_biotype:protein_coding transcript_biotype:protein_coding // chr1 // 100 // 56 // 18 // 18 // 0 /// ENST00000379290 // ENSEMBL // havana:known chromosome:GRCh38:1:1173903:1197935:1 gene:ENSG00000162571 gene_biotype:protein_coding transcript_biotype:protein_coding // chr1 // 100 // 56 // 18 // 18 // 0 /// ENST00000460998 // ENSEMBL // havana:known chromosome:GRCh38:1:1180484:1183927:1 gene:ENSG00000162571 gene_biotype:protein_coding transcript_biotype:retained_intron // chr1 // 100 // 31 // 10 // 10 // 0 /// BC126152 // GenBank // Homo sapiens tubulin tyrosine ligase-like family, member 10, mRNA (cDNA clone MGC:161430 IMAGE:8991868), complete cds. // chr1 // 100 // 91 // 29 // 29 // 0 /// BC126154 // GenBank // Homo sapiens tubulin tyrosine ligase-like family, member 10, mRNA (cDNA clone MGC:161432 IMAGE:8991870), complete cds. // chr1 // 100 // 91 // 29 // 29 // 0 /// GENSCAN00000014910 // ENSEMBL // cdna:genscan chromosome:GRCh38:1:1126225:1185529:1 transcript_biotype:protein_coding // chr1 // 56 // 56 // 18 // 32 // 1",main
7896882,"NM_001130413,NR_037668,AK093239,AK093372,AK127357,AK131558,AK315288,BC125074,BC125075,DQ898175,DQ898176,EU489064,U38254,BC071784",chr1:1215968-1227409,chr1,NC_000001.10,+,1215968,1227409,36,"NM_001130413 // SCNN1D // sodium channel, non-voltage-gated 1, delta subunit // 1p36.3-p36.2 // 6339 /// NR_037668 // SCNN1D // sodium channel, non-voltage-gated 1, delta subunit // 1p36.3-p36.2 // 6339 /// ENST00000325425 // SCNN1D // sodium channel, non-voltage-gated 1, delta subunit // 1p36.3-p36.2 // 6339 /// ENST00000338555 // SCNN1D // sodium channel, non-voltage-gated 1, delta subunit // 1p36.3-p36.2 // 6339 /// ENST00000379099 // SCNN1D // sodium channel, non-voltage-gated 1, delta subunit // 1p36.3-p36.2 // 6339 /// ENST00000379101 // SCNN1D // sodium channel, non-voltage-gated 1, delta subunit // 1p36.3-p36.2 // 6339 /// ENST00000379116 // SCNN1D // sodium channel, non-voltage-gated 1, delta subunit // 1p36.3-p36.2 // 6339 /// ENST00000400928 // SCNN1D // sodium channel, non-voltage-gated 1, delta subunit // 1p36.3-p36.2 // 6339 /// ENST00000470022 // SCNN1D // sodium channel, non-voltage-gated 1, delta subunit // 1p36.3-p36.2 // 6339 /// AK093239 // SCNN1D // sodium channel, non-voltage-gated 1, delta subunit // 1p36.3-p36.2 // 6339 /// AK093372 // SCNN1D // sodium channel, non-voltage-gated 1, delta subunit // 1p36.3-p36.2 // 6339 /// AK127357 // SCNN1D // sodium channel, non-voltage-gated 1, delta subunit // 1p36.3-p36.2 // 6339 /// AK131558 // SCNN1D // sodium channel, non-voltage-gated 1, delta subunit // 1p36.3-p36.2 // 6339 /// AK315288 // SCNN1D // sodium channel, non-voltage-gated 1, delta subunit // 1p36.3-p36.2 // 6339 /// BC125074 // SCNN1D // sodium channel, non-voltage-gated 1, delta subunit // 1p36.3-p36.2 // 6339 /// BC125075 // SCNN1D // sodium channel, non-voltage-gated 1, delta subunit // 1p36.3-p36.2 // 6339 /// DQ898175 // SCNN1D // sodium channel, non-voltage-gated 1, delta subunit // 1p36.3-p36.2 // 6339 /// DQ898176 // SCNN1D // sodium channel, non-voltage-gated 1, delta subunit // 1p36.3-p36.2 // 6339 /// EU489064 // SCNN1D // sodium channel, non-voltage-gated 1, delta subunit // 1p36.3-p36.2 // 6339 /// U38254 // SCNN1D // sodium channel, non-voltage-gated 1, delta subunit // 1p36.3-p36.2 // 6339","NM_001130413 // RefSeq // Homo sapiens sodium channel, non-voltage-gated 1, delta subunit (SCNN1D), transcript variant 1, mRNA. // chr1 // 100 // 83 // 30 // 30 // 0 /// NR_037668 // RefSeq // Homo sapiens sodium channel, non-voltage-gated 1, delta subunit (SCNN1D), transcript variant 2, non-coding RNA. // chr1 // 100 // 78 // 28 // 28 // 0 /// ENST00000325425 // ENSEMBL // havana:known chromosome:GRCh38:1:1282109:1292024:1 gene:ENSG00000162572 gene_biotype:protein_coding transcript_biotype:protein_coding // chr1 // 100 // 81 // 29 // 29 // 0 /// ENST00000338555 // ENSEMBL // havana:known chromosome:GRCh38:1:1280588:1292024:1 gene:ENSG00000162572 gene_biotype:protein_coding transcript_biotype:protein_coding // chr1 // 100 // 86 // 31 // 31 // 0 /// ENST00000379099 // ENSEMBL // havana:known chromosome:GRCh38:1:1287109:1290943:1 gene:ENSG00000162572 gene_biotype:protein_coding transcript_biotype:protein_coding // chr1 // 100 // 25 // 9 // 9 // 0 /// ENST00000379101 // ENSEMBL // havana:known chromosome:GRCh38:1:1280472:1291373:1 gene:ENSG00000162572 gene_biotype:protein_coding transcript_biotype:nonsense_mediated_decay // chr1 // 100 // 61 // 22 // 22 // 0 /// ENST00000379116 // ENSEMBL // havana:known chromosome:GRCh38:1:1280436:1292019:1 gene:ENSG00000162572 gene_biotype:protein_coding transcript_biotype:protein_coding // chr1 // 100 // 83 // 30 // 30 // 0 /// ENST00000400928 // ENSEMBL // ensembl:known chromosome:GRCh38:1:1281224:1292029:1 gene:ENSG00000162572 gene_biotype:protein_coding transcript_biotype:protein_coding // chr1 // 100 // 78 // 28 // 28 // 0 /// ENST00000470022 // ENSEMBL // havana:novel chromosome:GRCh38:1:1281925:1286168:1 gene:ENSG00000162572 gene_biotype:protein_coding transcript_biotype:protein_coding // chr1 // 91 // 31 // 10 // 11 // 0 /// AK093239 // GenBank // Homo sapiens cDNA FLJ35920 fis, clone TESTI2010591, highly similar to AMILORIDE-SENSITIVE SODIUM CHANNEL DELTA-SUBUNIT. // chr1 // 97 // 81 // 28 // 29 // 0 /// AK093372 // GenBank // Homo sapiens cDNA FLJ36053 fis, clone TESTI2018276, highly similar to Amiloride-sensitive sodium channel subunit delta. // chr1 // 100 // 53 // 19 // 19 // 0 /// AK127357 // GenBank // Homo sapiens cDNA FLJ45431 fis, clone BRHIP3039509, highly similar to Amiloride-sensitive sodium channel subunit delta. // chr1 // 97 // 86 // 30 // 31 // 0 /// AK131558 // GenBank // Homo sapiens cDNA FLJ16802 fis, clone TESTI4005158, highly similar to Amiloride-sensitive sodium channel delta-subunit. // chr1 // 93 // 83 // 28 // 30 // 0 /// AK315288 // GenBank HTC // Homo sapiens cDNA, FLJ96303. // chr1 // 100 // 56 // 20 // 20 // 0 /// BC125074 // GenBank // Homo sapiens sodium channel, nonvoltage-gated 1, delta, mRNA (cDNA clone MGC:149710 IMAGE:40117641), complete cds. // chr1 // 100 // 61 // 22 // 22 // 0 /// BC125075 // GenBank // Homo sapiens sodium channel, nonvoltage-gated 1, delta, mRNA (cDNA clone MGC:149711 IMAGE:40117643), complete cds. // chr1 // 100 // 61 // 22 // 22 // 0 /// DQ898175 // GenBank // Homo sapiens clone 16HBE140S sodium channel nonvoltage-gated 1 delta (SCNN1D) mRNA, complete cds. // chr1 // 100 // 56 // 20 // 20 // 0 /// DQ898176 // GenBank // Homo sapiens clone 16HBE140L sodium channel nonvoltage-gated 1 delta (SCNN1D) mRNA, complete cds. // chr1 // 95 // 61 // 21 // 22 // 0 /// EU489064 // GenBank // Homo sapiens sodium channel nonvoltage-gated 1 delta (SCNN1D) mRNA, complete cds. // chr1 // 100 // 50 // 18 // 18 // 0 /// U38254 // GenBank // Human amiloride sensitive sodium channel delta subunit (dNaCh) mRNA, complete cds. // chr1 // 100 // 50 // 18 // 18 // 0 /// ENST00000616713 // ENSEMBL // ensembl:known chromosome:GRCh38:1:1281178:1292029:1 gene:ENSG00000162572 gene_biotype:protein_coding transcript_biotype:protein_coding // chr1 // 100 // 86 // 31 // 31 // 0 /// GENSCAN00000014874 // ENSEMBL // cdna:genscan chromosome:GRCh38:1:1271278:1291914:1 transcript_biotype:protein_coding // chr1 // 95 // 53 // 18 // 19 // 0 /// BC071784 // GenBank // Homo sapiens sodium channel, nonvoltage-gated 1, delta, mRNA (cDNA clone IMAGE:4609933). // chr1 // 100 // 36 // 13 // 13 // 0",main
7896921,"NM_152228,XM_006710939,AK122959",chr1:1266694-1270687,chr1,NC_000001.10,+,1266694,1270687,40,"NM_152228 // TAS1R3 // taste receptor, type 1, member 3 // 1p36.33 // 83756 /// XM_006710939 // TAS1R3 // taste receptor, type 1, member 3 // 1p36.33 // 83756 /// ENST00000339381 // TAS1R3 // taste receptor, type 1, member 3 // 1p36.33 // 83756 /// AK122959 // TAS1R3 // taste receptor, type 1, member 3 // 1p36.33 // 83756","NM_152228 // RefSeq // Homo sapiens taste receptor, type 1, member 3 (TAS1R3), mRNA. // chr1 // 100 // 85 // 34 // 34 // 0 /// XM_006710939 // RefSeq // PREDICTED: Homo sapiens taste receptor, type 1, member 3 (TAS1R3), transcript variant X1, mRNA. // chr1 // 96 // 60 // 23 // 24 // 0 /// ENST00000339381 // ENSEMBL // ensembl_havana_transcript:known chromosome:GRCh38:1:1331314:1335306:1 gene:ENSG00000169962 gene_biotype:protein_coding transcript_biotype:protein_coding // chr1 // 100 // 100 // 40 // 40 // 0 /// AK122959 // GenBank // Homo sapiens cDNA FLJ16679 fis, clone TLIVE2003381, moderately similar to Mus musculus taste receptor, type 1, member 3 (Tas1r3). // chr1 // 89 // 45 // 16 // 18 // 0 /// GENSCAN00000014893 // ENSEMBL // cdna:genscan chromosome:GRCh38:1:1331346:1334464:1 transcript_biotype:protein_coding // chr1 // 100 // 85 // 34 // 34 // 0",main
7896952,"NM_001170535,NM_001170536,NM_018188,AK310572,BC007803,BC011814,BC014101,BC033109,BC063607,GU189416",chr1:1389849-1470067,chr1,NC_000001.10,+,1389849,1470067,19,"NM_001170535 // ATAD3A // ATPase family, AAA domain containing 3A // 1p36.33 // 55210 /// NM_001170536 // ATAD3A // ATPase family, AAA domain containing 3A // 1p36.33 // 55210 /// NM_018188 // ATAD3A // ATPase family, AAA domain containing 3A // 1p36.33 // 55210 /// ENST00000339113 // ATAD3A // ATPase family, AAA domain containing 3A // 1p36.33 // 55210 /// ENST00000339113 // ATAD3B // ATPase family, AAA domain containing 3B // 1p36.33 // 83858 /// ENST00000378755 // ATAD3A // ATPase family, AAA domain containing 3A // 1p36.33 // 55210 /// ENST00000378755 // ATAD3B // ATPase family, AAA domain containing 3B // 1p36.33 // 83858 /// ENST00000378756 // ATAD3A // ATPase family, AAA domain containing 3A // 1p36.33 // 55210 /// ENST00000378756 // ATAD3B // ATPase family, AAA domain containing 3B // 1p36.33 // 83858 /// ENST00000536055 // ATAD3A // ATPase family, AAA domain containing 3A // 1p36.33 // 55210 /// ENST00000536055 // ATAD3B // ATPase family, AAA domain containing 3B // 1p36.33 // 83858 /// AK310572 // ATAD3A // ATPase family, AAA domain containing 3A // 1p36.33 // 55210 /// BC007803 // ATAD3A // ATPase family, AAA domain containing 3A // 1p36.33 // 55210 /// BC011814 // ATAD3A // ATPase family, AAA domain containing 3A // 1p36.33 // 55210 /// BC014101 // ATAD3A // ATPase family, AAA domain containing 3A // 1p36.33 // 55210 /// BC033109 // ATAD3A // ATPase family, AAA domain containing 3A // 1p36.33 // 55210 /// BC063607 // ATAD3A // ATPase family, AAA domain containing 3A // 1p36.33 // 55210 /// GU189416 // ATAD3A // ATPase family, AAA domain containing 3A // 1p36.33 // 55210","NM_001170535 // RefSeq // Homo sapiens ATPase family, AAA domain containing 3A (ATAD3A), transcript variant 2, mRNA. // chr1 // 100 // 84 // 16 // 16 // 0 /// NM_001170536 // RefSeq // Homo sapiens ATPase family, AAA domain containing 3A (ATAD3A), transcript variant 3, mRNA. // chr1 // 100 // 68 // 13 // 13 // 0 /// NM_018188 // RefSeq // Homo sapiens ATPase family, AAA domain containing 3A (ATAD3A), transcript variant 1, mRNA. // chr1 // 100 // 95 // 18 // 18 // 0 /// ENST00000339113 // ENSEMBL // havana:known chromosome:GRCh38:1:1512530:1534685:1 gene:ENSG00000197785 gene_biotype:protein_coding transcript_biotype:protein_coding // chr1 // 100 // 68 // 13 // 13 // 0 /// ENST00000378755 // ENSEMBL // ensembl_havana_transcript:known chromosome:GRCh38:1:1512175:1534685:1 gene:ENSG00000197785 gene_biotype:protein_coding transcript_biotype:protein_coding // chr1 // 100 // 84 // 16 // 16 // 0 /// ENST00000378756 // ENSEMBL // havana:known chromosome:GRCh38:1:1512151:1534685:1 gene:ENSG00000197785 gene_biotype:protein_coding transcript_biotype:protein_coding // chr1 // 100 // 84 // 16 // 16 // 0 /// ENST00000536055 // ENSEMBL // ensembl:known chromosome:GRCh38:1:1512530:1534687:1 gene:ENSG00000197785 gene_biotype:protein_coding transcript_biotype:protein_coding // chr1 // 100 // 68 // 13 // 13 // 0 /// AK310572 // GenBank HTC // Homo sapiens cDNA, FLJ17614. // chr1 // 80 // 53 // 8 // 10 // 0 /// BC007803 // GenBank // Homo sapiens ATPase family, AAA domain containing 3A, mRNA (cDNA clone MGC:14291 IMAGE:4136170), complete cds. // chr1 // 100 // 74 // 14 // 14 // 0 /// BC011814 // GenBank // Homo sapiens ATPase family, AAA domain containing 3A, mRNA (cDNA clone MGC:20264 IMAGE:3162989), complete cds. // chr1 // 100 // 74 // 14 // 14 // 0 /// BC014101 // GenBank // Homo sapiens ATPase family, AAA domain containing 3A, mRNA (cDNA clone MGC:20642 IMAGE:3503438), complete cds. // chr1 // 100 // 84 // 16 // 16 // 0 /// BC033109 // GenBank // Homo sapiens ATPase family, AAA domain containing 3A, mRNA (cDNA clone MGC:45699 IMAGE:4877449), complete cds. // chr1 // 100 // 74 // 14 // 14 // 0 /// BC063607 // GenBank // Homo sapiens ATPase family, AAA domain containing 3A, mRNA (cDNA clone MGC:74860 IMAGE:4939339), complete cds. // chr1 // 100 // 74 // 14 // 14 // 0 /// GU189416 // GenBank // Homo sapiens AAA domain containing 3A protein (ATAD3A) mRNA, complete cds. // chr1 // 92 // 68 // 12 // 13 // 0 /// GENSCAN00000014868 // ENSEMBL // cdna:genscan chromosome:GRCh38:1:1512269:1534072:1 transcript_biotype:protein_coding // chr1 // 100 // 79 // 15 // 15 // 0",main
7897044,"NM_001033581,NM_001033582,NM_001242874,NM_002744,XM_006710764,XM_006710767,XM_006710768,AK097627,AK290995,AK294649,AK294782,AK302160,BC008058,BC014270,BT007082,L14283,XM_006710766,AK131526,AK310372",chr1:1981909-2116834,chr1,NC_000001.10,+,1981909,2116834,48,"NM_001033581 // PRKCZ // protein kinase C, zeta // 1p36.33-p36.2 // 5590 /// NM_001033582 // PRKCZ // protein kinase C, zeta // 1p36.33-p36.2 // 5590 /// NM_001242874 // PRKCZ // protein kinase C, zeta // 1p36.33-p36.2 // 5590 /// NM_002744 // PRKCZ // protein kinase C, zeta // 1p36.33-p36.2 // 5590 /// XM_006710764 // PRKCZ // protein kinase C, zeta // 1p36.33-p36.2 // 5590 /// XM_006710767 // PRKCZ // protein kinase C, zeta // 1p36.33-p36.2 // 5590 /// XM_006710768 // PRKCZ // protein kinase C, zeta // 1p36.33-p36.2 // 5590 /// ENST00000378567 // PRKCZ // protein kinase C, zeta // 1p36.33-p36.2 // 5590 /// ENST00000400920 // PRKCZ // protein kinase C, zeta // 1p36.33-p36.2 // 5590 /// ENST00000400921 // PRKCZ // protein kinase C, zeta // 1p36.33-p36.2 // 5590 /// ENST00000461106 // PRKCZ // protein kinase C, zeta // 1p36.33-p36.2 // 5590 /// ENST00000461465 // PRKCZ // protein kinase C, zeta // 1p36.33-p36.2 // 5590 /// ENST00000468310 // PRKCZ // protein kinase C, zeta // 1p36.33-p36.2 // 5590 /// ENST00000470511 // PRKCZ // protein kinase C, zeta // 1p36.33-p36.2 // 5590 /// ENST00000470986 // PRKCZ // protein kinase C, zeta // 1p36.33-p36.2 // 5590 /// ENST00000478770 // PRKCZ // protein kinase C, zeta // 1p36.33-p36.2 // 5590 /// ENST00000479263 // PRKCZ // protein kinase C, zeta // 1p36.33-p36.2 // 5590 /// ENST00000481140 // PRKCZ // protein kinase C, zeta // 1p36.33-p36.2 // 5590 /// ENST00000482686 // PRKCZ // protein kinase C, zeta // 1p36.33-p36.2 // 5590 /// ENST00000486681 // PRKCZ // protein kinase C, zeta // 1p36.33-p36.2 // 5590 /// ENST00000495347 // PRKCZ // protein kinase C, zeta // 1p36.33-p36.2 // 5590 /// ENST00000496325 // PRKCZ // protein kinase C, zeta // 1p36.33-p36.2 // 5590 /// ENST00000497183 // PRKCZ // protein kinase C, zeta // 1p36.33-p36.2 // 5590 /// AK097627 // PRKCZ // protein kinase C, zeta // 1p36.33-p36.2 // 5590 /// AK290995 // PRKCZ // protein kinase C, zeta // 1p36.33-p36.2 // 5590 /// AK294649 // PRKCZ // protein kinase C, zeta // 1p36.33-p36.2 // 5590 /// AK294782 // PRKCZ // protein kinase C, zeta // 1p36.33-p36.2 // 5590 /// AK302160 // PRKCZ // protein kinase C, zeta // 1p36.33-p36.2 // 5590 /// BC008058 // PRKCZ // protein kinase C, zeta // 1p36.33-p36.2 // 5590 /// BC014270 // PRKCZ // protein kinase C, zeta // 1p36.33-p36.2 // 5590 /// BT007082 // PRKCZ // protein kinase C, zeta // 1p36.33-p36.2 // 5590 /// L14283 // PRKCZ // protein kinase C, zeta // 1p36.33-p36.2 // 5590 /// XM_006710766 // PRKCZ // protein kinase C, zeta // 1p36.33-p36.2 // 5590 /// ENST00000505322 // PRKCZ // protein kinase C, zeta // 1p36.33-p36.2 // 5590 /// AK131526 // PRKCZ // protein kinase C, zeta // 1p36.33-p36.2 // 5590 /// ENST00000466651 // PRKCZ // protein kinase C, zeta // 1p36.33-p36.2 // 5590 /// ENST00000470596 // PRKCZ // protein kinase C, zeta // 1p36.33-p36.2 // 5590 /// ENST00000471018 // PRKCZ // protein kinase C, zeta // 1p36.33-p36.2 // 5590 /// ENST00000479566 // PRKCZ // protein kinase C, zeta // 1p36.33-p36.2 // 5590 /// ENST00000503297 // PRKCZ // protein kinase C, zeta // 1p36.33-p36.2 // 5590 /// ENST00000503672 // PRKCZ // protein kinase C, zeta // 1p36.33-p36.2 // 5590 /// AK310372 // PRKCZ // protein kinase C, zeta // 1p36.33-p36.2 // 5590","NM_001033581 // RefSeq // Homo sapiens protein kinase C, zeta (PRKCZ), transcript variant 2, mRNA. // chr1 // 100 // 75 // 36 // 36 // 0 /// NM_001033582 // RefSeq // Homo sapiens protein kinase C, zeta (PRKCZ), transcript variant 3, mRNA. // chr1 // 100 // 75 // 36 // 36 // 0 /// NM_001242874 // RefSeq // Homo sapiens protein kinase C, zeta (PRKCZ), transcript variant 4, mRNA. // chr1 // 100 // 71 // 34 // 34 // 0 /// NM_002744 // RefSeq // Homo sapiens protein kinase C, zeta (PRKCZ), transcript variant 1, mRNA. // chr1 // 100 // 92 // 44 // 44 // 0 /// XM_006710764 // RefSeq // PREDICTED: Homo sapiens protein kinase C, zeta (PRKCZ), transcript variant X1, mRNA. // chr1 // 100 // 88 // 42 // 42 // 0 /// XM_006710767 // RefSeq // PREDICTED: Homo sapiens protein kinase C, zeta (PRKCZ), transcript variant X4, mRNA. // chr1 // 100 // 71 // 34 // 34 // 0 /// XM_006710768 // RefSeq // PREDICTED: Homo sapiens protein kinase C, zeta (PRKCZ), transcript variant X5, mRNA. // chr1 // 100 // 63 // 30 // 30 // 0 /// ENST00000378567 // ENSEMBL // ensembl_havana_transcript:known chromosome:GRCh38:1:2050470:2185395:1 gene:ENSG00000067606 gene_biotype:protein_coding transcript_biotype:protein_coding // chr1 // 100 // 92 // 44 // 44 // 0 /// ENST00000400920 // ENSEMBL // ensembl:known chromosome:GRCh38:1:2104716:2185393:1 gene:ENSG00000067606 gene_biotype:protein_coding transcript_biotype:protein_coding // chr1 // 100 // 75 // 36 // 36 // 0 /// ENST00000400921 // ENSEMBL // ensembl_havana_transcript:known chromosome:GRCh38:1:2073462:2185390:1 gene:ENSG00000067606 gene_biotype:protein_coding transcript_biotype:protein_coding // chr1 // 100 // 75 // 36 // 36 // 0 /// ENST00000461106 // ENSEMBL // ensembl_havana_transcript:putative chromosome:GRCh38:1:2073986:2185190:1 gene:ENSG00000067606 gene_biotype:protein_coding transcript_biotype:protein_coding // chr1 // 100 // 67 // 32 // 32 // 0 /// ENST00000461465 // ENSEMBL // havana:known chromosome:GRCh38:1:2074688:2150836:1 gene:ENSG00000067606 gene_biotype:protein_coding transcript_biotype:protein_coding // chr1 // 89 // 19 // 8 // 9 // 0 /// ENST00000468310 // ENSEMBL // havana:novel chromosome:GRCh38:1:2050485:2146108:1 gene:ENSG00000067606 gene_biotype:protein_coding transcript_biotype:protein_coding // chr1 // 100 // 25 // 12 // 12 // 0 /// ENST00000470511 // ENSEMBL // havana:known chromosome:GRCh38:1:2116205:2150897:1 gene:ENSG00000067606 gene_biotype:protein_coding transcript_biotype:protein_coding // chr1 // 100 // 21 // 10 // 10 // 0 /// ENST00000470986 // ENSEMBL // havana:known chromosome:GRCh38:1:2111654:2150978:1 gene:ENSG00000067606 gene_biotype:protein_coding transcript_biotype:protein_coding // chr1 // 100 // 21 // 10 // 10 // 0 /// ENST00000478770 // ENSEMBL // havana:known chromosome:GRCh38:1:2145387:2185116:1 gene:ENSG00000067606 gene_biotype:protein_coding transcript_biotype:nonsense_mediated_decay // chr1 // 96 // 56 // 26 // 27 // 0 /// ENST00000479263 // ENSEMBL // havana:known chromosome:GRCh38:1:2144451:2185395:1 gene:ENSG00000067606 gene_biotype:protein_coding transcript_biotype:processed_transcript // chr1 // 100 // 63 // 30 // 30 // 0 /// ENST00000481140 // ENSEMBL // havana:known chromosome:GRCh38:1:2082248:2150936:1 gene:ENSG00000067606 gene_biotype:protein_coding transcript_biotype:nonsense_mediated_decay // chr1 // 100 // 21 // 10 // 10 // 0 /// ENST00000482686 // ENSEMBL // havana:known chromosome:GRCh38:1:2104716:2150870:1 gene:ENSG00000067606 gene_biotype:protein_coding transcript_biotype:protein_coding // chr1 // 100 // 25 // 12 // 12 // 0 /// ENST00000486681 // ENSEMBL // havana:putative chromosome:GRCh38:1:2104739:2156087:1 gene:ENSG00000067606 gene_biotype:protein_coding transcript_biotype:protein_coding // chr1 // 100 // 29 // 14 // 14 // 0 /// ENST00000495347 // ENSEMBL // havana:known chromosome:GRCh38:1:2073719:2146086:1 gene:ENSG00000067606 gene_biotype:protein_coding transcript_biotype:protein_coding // chr1 // 100 // 17 // 8 // 8 // 0 /// ENST00000496325 // ENSEMBL // havana:known chromosome:GRCh38:1:2075244:2150863:1 gene:ENSG00000067606 gene_biotype:protein_coding transcript_biotype:protein_coding // chr1 // 90 // 21 // 9 // 10 // 0 /// ENST00000497183 // ENSEMBL // havana:putative chromosome:GRCh38:1:2134990:2150979:1 gene:ENSG00000067606 gene_biotype:protein_coding transcript_biotype:protein_coding // chr1 // 100 // 21 // 10 // 10 // 0 /// AK097627 // GenBank // Homo sapiens cDNA FLJ40308 fis, clone TESTI2029264, highly similar to Protein kinase C zeta type (EC 2.7.11.13). // chr1 // 100 // 63 // 30 // 30 // 0 /// AK290995 // GenBank // Homo sapiens cDNA FLJ76797 complete cds, highly similar to Homo sapiens protein kinase C, zeta (PRKCZ), mRNA. // chr1 // 86 // 88 // 36 // 42 // 0 /// AK294649 // GenBank // Homo sapiens cDNA FLJ53316 complete cds, highly similar to Protein kinase C zeta type (EC 2.7.11.13). // chr1 // 97 // 67 // 31 // 32 // 0 /// AK294782 // GenBank // Homo sapiens cDNA FLJ54715 complete cds, highly similar to Protein kinase C zeta type (EC 2.7.11.13). // chr1 // 100 // 67 // 32 // 32 // 0 /// AK302160 // GenBank // Homo sapiens cDNA FLJ60366 complete cds, highly similar to Protein kinase C zeta type (EC 2.7.11.13). // chr1 // 96 // 50 // 23 // 24 // 0 /// BC008058 // GenBank // Homo sapiens protein kinase C, zeta, mRNA (cDNA clone MGC:1669 IMAGE:2987996), complete cds. // chr1 // 100 // 92 // 44 // 44 // 0 /// BC014270 // GenBank // Homo sapiens protein kinase C, zeta, mRNA (cDNA clone MGC:10512 IMAGE:3835020), complete cds. // chr1 // 100 // 92 // 44 // 44 // 0 /// BT007082 // GenBank // Homo sapiens protein kinase C, zeta mRNA, complete cds. // chr1 // 100 // 79 // 38 // 38 // 0 /// L14283 // GenBank // Human protein kinase C zeta mRNA, complete cds. // chr1 // 100 // 79 // 38 // 38 // 0 /// XM_006710766 // RefSeq // PREDICTED: Homo sapiens protein kinase C, zeta (PRKCZ), transcript variant X3, mRNA. // chr1 // 71 // 71 // 34 // 48 // 1 /// ENST00000505322 // ENSEMBL // havana:known chromosome:GRCh38:1:2168848:2185393:1 gene:ENSG00000067606 gene_biotype:protein_coding transcript_biotype:retained_intron // chr1 // 46 // 46 // 22 // 48 // 1 /// AK131526 // GenBank // Homo sapiens cDNA FLJ16754 fis, clone BRACE2047573, highly similar to Protein kinase C, zeta type (EC 2.7.1.-). // chr1 // 42 // 42 // 20 // 48 // 1 /// ENST00000466651 // ENSEMBL // havana:known chromosome:GRCh38:1:2055679:2135347:1 gene:ENSG00000067606 gene_biotype:protein_coding transcript_biotype:processed_transcript // chr1 // 17 // 17 // 8 // 48 // 1 /// ENST00000470596 // ENSEMBL // havana:known chromosome:GRCh38:1:2074855:2150945:1 gene:ENSG00000067606 gene_biotype:protein_coding transcript_biotype:protein_coding // chr1 // 21 // 21 // 10 // 48 // 1 /// ENST00000471018 // ENSEMBL // havana:known chromosome:GRCh38:1:2133638:2148924:1 gene:ENSG00000067606 gene_biotype:protein_coding transcript_biotype:protein_coding // chr1 // 17 // 17 // 8 // 48 // 1 /// ENST00000479566 // ENSEMBL // havana:known chromosome:GRCh38:1:2055441:2071536:1 gene:ENSG00000067606 gene_biotype:protein_coding transcript_biotype:processed_transcript // chr1 // 17 // 17 // 8 // 48 // 1 /// ENST00000503297 // ENSEMBL // havana:putative chromosome:GRCh38:1:2050808:2059591:1 gene:ENSG00000067606 gene_biotype:protein_coding transcript_biotype:protein_coding // chr1 // 17 // 17 // 8 // 48 // 1 /// ENST00000503672 // ENSEMBL // havana:known chromosome:GRCh38:1:2145357:2156728:1 gene:ENSG00000067606 gene_biotype:protein_coding transcript_biotype:retained_intron // chr1 // 17 // 17 // 8 // 48 // 1 /// AK310372 // GenBank HTC // Homo sapiens cDNA, FLJ17414. // chr1 // 17 // 17 // 8 // 48 // 1 /// GENSCAN00000045698 // ENSEMBL // cdna:genscan chromosome:GRCh38:1:2135076:2176025:1 transcript_biotype:protein_coding // chr1 // 50 // 50 // 24 // 48 // 1 /// NONHSAT000389 // NONCODE // Non-coding transcript identified by NONCODE: Exonic // chr1 // 17 // 17 // 8 // 48 // 1",main
7897066,"AK093927,BC018779",chr1:2120983-2125024,chr1,NC_000001.10,+,2120983,2125024,31,"AK093927 // C1orf86 // chromosome 1 open reading frame 86 // 1p36.33 // 199990","AK093927 // GenBank // Homo sapiens cDNA FLJ36608 fis, clone TRACH2015824. // chr1 // 100 // 55 // 17 // 17 // 0 /// BC018779 // GenBank HTC // Homo sapiens cDNA clone IMAGE:4870477, **** WARNING: chimeric clone ****. // chr1 // 100 // 52 // 16 // 16 // 0",main
7897078,"NM_007033,XM_006710305,XM_006710306,AF091071,AF157324,AK289658,BC004965,BT007224,CR456806,AK095750,BC025684",chr1:2323214-2336874,chr1,NC_000001.10,+,2323214,2336874,36,"NM_007033 // RER1 // retention in endoplasmic reticulum sorting receptor 1 // 1p36 // 11079 /// XM_006710305 // RER1 // retention in endoplasmic reticulum sorting receptor 1 // 1p36 // 11079 /// XM_006710306 // RER1 // retention in endoplasmic reticulum sorting receptor 1 // 1p36 // 11079 /// ENST00000306256 // RER1 // retention in endoplasmic reticulum sorting receptor 1 // 1p36 // 11079 /// ENST00000378512 // RER1 // retention in endoplasmic reticulum sorting receptor 1 // 1p36 // 11079 /// ENST00000378513 // RER1 // retention in endoplasmic reticulum sorting receptor 1 // 1p36 // 11079 /// ENST00000378518 // RER1 // retention in endoplasmic reticulum sorting receptor 1 // 1p36 // 11079 /// ENST00000443438 // RER1 // retention in endoplasmic reticulum sorting receptor 1 // 1p36 // 11079 /// ENST00000462129 // RER1 // retention in endoplasmic reticulum sorting receptor 1 // 1p36 // 11079 /// ENST00000605895 // RER1 // retention in endoplasmic reticulum sorting receptor 1 // 1p36 // 11079 /// AF091071 // RER1 // retention in endoplasmic reticulum sorting receptor 1 // 1p36 // 11079 /// AF157324 // RER1 // retention in endoplasmic reticulum sorting receptor 1 // 1p36 // 11079 /// AK289658 // RER1 // retention in endoplasmic reticulum sorting receptor 1 // 1p36 // 11079 /// BC004965 // RER1 // retention in endoplasmic reticulum sorting receptor 1 // 1p36 // 11079 /// BT007224 // RER1 // retention in endoplasmic reticulum sorting receptor 1 // 1p36 // 11079 /// CR456806 // RER1 // retention in endoplasmic reticulum sorting receptor 1 // 1p36 // 11079 /// ENST00000488353 // RER1 // retention in endoplasmic reticulum sorting receptor 1 // 1p36 // 11079 /// AK095750 // RER1 // retention in endoplasmic reticulum sorting receptor 1 // 1p36 // 11079 /// BC025684 // RER1 // retention in endoplasmic reticulum sorting receptor 1 // 1p36 // 11079","NM_007033 // RefSeq // Homo sapiens retention in endoplasmic reticulum sorting receptor 1 (RER1), mRNA. // chr1 // 100 // 89 // 32 // 32 // 0 /// XM_006710305 // RefSeq // PREDICTED: Homo sapiens retention in endoplasmic reticulum sorting receptor 1 (RER1), transcript variant X3, mRNA. // chr1 // 100 // 81 // 29 // 29 // 0 /// XM_006710306 // RefSeq // PREDICTED: Homo sapiens retention in endoplasmic reticulum sorting receptor 1 (RER1), transcript variant X4, mRNA. // chr1 // 100 // 81 // 29 // 29 // 0 /// ENST00000306256 // ENSEMBL // havana:known chromosome:GRCh38:1:2391843:2403064:1 gene:ENSG00000157916 gene_biotype:protein_coding transcript_biotype:protein_coding // chr1 // 84 // 53 // 16 // 19 // 0 /// ENST00000378512 // ENSEMBL // havana:known chromosome:GRCh38:1:2391890:2403751:1 gene:ENSG00000157916 gene_biotype:protein_coding transcript_biotype:protein_coding // chr1 // 100 // 97 // 35 // 35 // 0 /// ENST00000378513 // ENSEMBL // ensembl:known chromosome:GRCh38:1:2391775:2405442:1 gene:ENSG00000157916 gene_biotype:protein_coding transcript_biotype:protein_coding // chr1 // 91 // 89 // 29 // 32 // 0 /// ENST00000378518 // ENSEMBL // havana:known chromosome:GRCh38:1:2391828:2402325:1 gene:ENSG00000157916 gene_biotype:protein_coding transcript_biotype:protein_coding // chr1 // 100 // 39 // 14 // 14 // 0 /// ENST00000443438 // ENSEMBL // havana:known chromosome:GRCh38:1:2393174:2402316:1 gene:ENSG00000157916 gene_biotype:protein_coding transcript_biotype:protein_coding // chr1 // 100 // 39 // 14 // 14 // 0 /// ENST00000462129 // ENSEMBL // havana:known chromosome:GRCh38:1:2401951:2403227:1 gene:ENSG00000157916 gene_biotype:protein_coding transcript_biotype:retained_intron // chr1 // 100 // 42 // 15 // 15 // 0 /// ENST00000605895 // ENSEMBL // ensembl_havana_transcript:known chromosome:GRCh38:1:2391833:2405444:1 gene:ENSG00000157916 gene_biotype:protein_coding transcript_biotype:protein_coding // chr1 // 100 // 89 // 32 // 32 // 0 /// AF091071 // GenBank // Homo sapiens clone 192 Rer1 mRNA, complete cds. // chr1 // 100 // 97 // 35 // 35 // 0 /// AF157324 // GenBank // Homo sapiens RER1 protein (RER1) mRNA, complete cds. // chr1 // 88 // 89 // 28 // 32 // 0 /// AK289658 // GenBank // Homo sapiens cDNA FLJ78405 complete cds, highly similar to Homo sapiens RER1 retention in endoplasmic reticulum 1 homolog (S. cerevisiae), mRNA. // chr1 // 100 // 86 // 31 // 31 // 0 /// BC004965 // GenBank // Homo sapiens RER1 retention in endoplasmic reticulum 1 homolog (S. cerevisiae), mRNA (cDNA clone MGC:1903 IMAGE:3546970), complete cds. // chr1 // 100 // 89 // 32 // 32 // 0 /// BT007224 // GenBank // Homo sapiens similar to S. cerevisiae RER1 mRNA, complete cds. // chr1 // 100 // 56 // 20 // 20 // 0 /// CR456806 // GenBank // Homo sapiens full open reading frame cDNA clone RZPDo834C0816D for gene RER1, RER1 homolog (S. cerevisiae); complete cds, incl. stopcodon. // chr1 // 80 // 56 // 16 // 20 // 0 /// ENST00000488353 // ENSEMBL // havana:known chromosome:GRCh38:1:2394005:2403216:1 gene:ENSG00000157916 gene_biotype:protein_coding transcript_biotype:protein_coding // chr1 // 64 // 64 // 23 // 36 // 1 /// AK095750 // GenBank // Homo sapiens cDNA FLJ38431 fis, clone FEBRA2014010, highly similar to RER1 PROTEIN. // chr1 // 61 // 61 // 22 // 36 // 1 /// BC025684 // GenBank HTC // Homo sapiens RER1 retention in endoplasmic reticulum 1 homolog (S. cerevisiae), mRNA (cDNA clone IMAGE:5205199), with apparent retained intron. // chr1 // 61 // 61 // 22 // 36 // 1 /// GENSCAN00000045693 // ENSEMBL // cdna:genscan chromosome:GRCh38:1:2396651:2403124:1 transcript_biotype:protein_coding // chr1 // 100 // 47 // 17 // 17 // 0 /// NONHSAT000429 // NONCODE // Non-coding transcript identified by NONCODE: Exonic // chr1 // 100 // 42 // 15 // 15 // 0",main
7897119,"NM_001195736,NM_001195737,NM_001195738,NM_001195740,NM_001195741,NM_152371,NR_036637,NR_036638,AF425266,AK291908,AK298926,AK303504,AK316243,BC022547,CR749706",chr1:2518237-2522907,chr1,NC_000001.10,+,2518237,2522907,26,"NM_001195736 // FAM213B // family with sequence similarity 213, member B // 1p36.32 // 127281 /// NM_001195737 // FAM213B // family with sequence similarity 213, member B // 1p36.32 // 127281 /// NM_001195738 // FAM213B // family with sequence similarity 213, member B // 1p36.32 // 127281 /// NM_001195740 // FAM213B // family with sequence similarity 213, member B // 1p36.32 // 127281 /// NM_001195741 // FAM213B // family with sequence similarity 213, member B // 1p36.32 // 127281 /// NM_152371 // FAM213B // family with sequence similarity 213, member B // 1p36.32 // 127281 /// NR_036637 // FAM213B // family with sequence similarity 213, member B // 1p36.32 // 127281 /// NR_036638 // FAM213B // family with sequence similarity 213, member B // 1p36.32 // 127281 /// ENST00000378424 // FAM213B // family with sequence similarity 213, member B // 1p36.32 // 127281 /// ENST00000378425 // FAM213B // family with sequence similarity 213, member B // 1p36.32 // 127281 /// ENST00000378427 // FAM213B // family with sequence similarity 213, member B // 1p36.32 // 127281 /// ENST00000419916 // FAM213B // family with sequence similarity 213, member B // 1p36.32 // 127281 /// ENST00000444521 // FAM213B // family with sequence similarity 213, member B // 1p36.32 // 127281 /// ENST00000464043 // FAM213B // family with sequence similarity 213, member B // 1p36.32 // 127281 /// ENST00000465233 // FAM213B // family with sequence similarity 213, member B // 1p36.32 // 127281 /// ENST00000474659 // FAM213B // family with sequence similarity 213, member B // 1p36.32 // 127281 /// ENST00000476686 // FAM213B // family with sequence similarity 213, member B // 1p36.32 // 127281 /// ENST00000481683 // FAM213B // family with sequence similarity 213, member B // 1p36.32 // 127281 /// ENST00000484099 // FAM213B // family with sequence similarity 213, member B // 1p36.32 // 127281 /// ENST00000493183 // FAM213B // family with sequence similarity 213, member B // 1p36.32 // 127281 /// ENST00000498083 // FAM213B // family with sequence similarity 213, member B // 1p36.32 // 127281 /// ENST00000537325 // FAM213B // family with sequence similarity 213, member B // 1p36.32 // 127281 /// AF425266 // FAM213B // family with sequence similarity 213, member B // 1p36.32 // 127281 /// AK291908 // FAM213B // family with sequence similarity 213, member B // 1p36.32 // 127281 /// AK298926 // FAM213B // family with sequence similarity 213, member B // 1p36.32 // 127281 /// AK303504 // FAM213B // family with sequence similarity 213, member B // 1p36.32 // 127281 /// AK316243 // FAM213B // family with sequence similarity 213, member B // 1p36.32 // 127281 /// BC022547 // FAM213B // family with sequence similarity 213, member B // 1p36.32 // 127281 /// CR749706 // FAM213B // family with sequence similarity 213, member B // 1p36.32 // 127281 /// ENST00000477045 // FAM213B // family with sequence similarity 213, member B // 1p36.32 // 127281","NM_001195736 // RefSeq // Homo sapiens family with sequence similarity 213, member B (FAM213B), transcript variant 1, mRNA. // chr1 // 100 // 100 // 26 // 26 // 0 /// NM_001195737 // RefSeq // Homo sapiens family with sequence similarity 213, member B (FAM213B), transcript variant 3, mRNA. // chr1 // 100 // 92 // 24 // 24 // 0 /// NM_001195738 // RefSeq // Homo sapiens family with sequence similarity 213, member B (FAM213B), transcript variant 4, mRNA. // chr1 // 100 // 92 // 24 // 24 // 0 /// NM_001195740 // RefSeq // Homo sapiens family with sequence similarity 213, member B (FAM213B), transcript variant 5, mRNA. // chr1 // 100 // 85 // 22 // 22 // 0 /// NM_001195741 // RefSeq // Homo sapiens family with sequence similarity 213, member B (FAM213B), transcript variant 6, mRNA. // chr1 // 100 // 85 // 22 // 22 // 0 /// NM_152371 // RefSeq // Homo sapiens family with sequence similarity 213, member B (FAM213B), transcript variant 2, mRNA. // chr1 // 100 // 100 // 26 // 26 // 0 /// NR_036637 // RefSeq // Homo sapiens family with sequence similarity 213, member B (FAM213B), transcript variant 7, non-coding RNA. // chr1 // 100 // 77 // 20 // 20 // 0 /// NR_036638 // RefSeq // Homo sapiens family with sequence similarity 213, member B (FAM213B), transcript variant 8, non-coding RNA. // chr1 // 100 // 69 // 18 // 18 // 0 /// ENST00000378424 // ENSEMBL // havana:novel chromosome:GRCh38:1:2586780:2591467:1 gene:ENSG00000157870 gene_biotype:protein_coding transcript_biotype:protein_coding // chr1 // 100 // 92 // 24 // 24 // 0 /// ENST00000378425 // ENSEMBL // ensembl:known chromosome:GRCh38:1:2586750:2591467:1 gene:ENSG00000157870 gene_biotype:protein_coding transcript_biotype:protein_coding // chr1 // 100 // 85 // 22 // 22 // 0 /// ENST00000378427 // ENSEMBL // havana:novel chromosome:GRCh38:1:2586798:2591463:1 gene:ENSG00000157870 gene_biotype:protein_coding transcript_biotype:protein_coding // chr1 // 100 // 92 // 24 // 24 // 0 /// ENST00000419916 // ENSEMBL // havana:known chromosome:GRCh38:1:2586775:2591468:1 gene:ENSG00000157870 gene_biotype:protein_coding transcript_biotype:protein_coding // chr1 // 100 // 100 // 26 // 26 // 0 /// ENST00000444521 // ENSEMBL // ensembl:known chromosome:GRCh38:1:2586750:2591467:1 gene:ENSG00000157870 gene_biotype:protein_coding transcript_biotype:protein_coding // chr1 // 100 // 100 // 26 // 26 // 0 /// ENST00000464043 // ENSEMBL // havana:known chromosome:GRCh38:1:2586817:2589805:1 gene:ENSG00000157870 gene_biotype:protein_coding transcript_biotype:processed_transcript // chr1 // 94 // 65 // 16 // 17 // 0 /// ENST00000465233 // ENSEMBL // havana:putative chromosome:GRCh38:1:2586833:2588977:1 gene:ENSG00000157870 gene_biotype:protein_coding transcript_biotype:protein_coding // chr1 // 100 // 54 // 14 // 14 // 0 /// ENST00000474659 // ENSEMBL // havana:known chromosome:GRCh38:1:2586540:2589658:1 gene:ENSG00000157870 gene_biotype:protein_coding transcript_biotype:processed_transcript // chr1 // 100 // 46 // 12 // 12 // 0 /// ENST00000476686 // ENSEMBL // havana:known chromosome:GRCh38:1:2588594:2591468:1 gene:ENSG00000157870 gene_biotype:protein_coding transcript_biotype:processed_transcript // chr1 // 100 // 46 // 12 // 12 // 0 /// ENST00000481683 // ENSEMBL // havana:known chromosome:GRCh38:1:2587042:2589513:1 gene:ENSG00000157870 gene_biotype:protein_coding transcript_biotype:processed_transcript // chr1 // 100 // 50 // 13 // 13 // 0 /// ENST00000484099 // ENSEMBL // havana:known chromosome:GRCh38:1:2587078:2591469:1 gene:ENSG00000157870 gene_biotype:protein_coding transcript_biotype:processed_transcript // chr1 // 100 // 69 // 18 // 18 // 0 /// ENST00000493183 // ENSEMBL // havana:known chromosome:GRCh38:1:2586491:2589632:1 gene:ENSG00000157870 gene_biotype:protein_coding transcript_biotype:processed_transcript // chr1 // 100 // 54 // 14 // 14 // 0 /// ENST00000498083 // ENSEMBL // havana:putative chromosome:GRCh38:1:2586877:2588992:1 gene:ENSG00000157870 gene_biotype:protein_coding transcript_biotype:protein_coding // chr1 // 100 // 35 // 9 // 9 // 0 /// ENST00000537325 // ENSEMBL // havana:known chromosome:GRCh38:1:2586796:2589947:1 gene:ENSG00000157870 gene_biotype:protein_coding transcript_biotype:protein_coding // chr1 // 100 // 65 // 17 // 17 // 0 /// AF425266 // GenBank // Homo sapiens unknown protein mRNA, complete cds. // chr1 // 92 // 100 // 24 // 26 // 0 /// AK291908 // GenBank // Homo sapiens cDNA FLJ78325 complete cds. // chr1 // 100 // 73 // 19 // 19 // 0 /// AK298926 // GenBank // Homo sapiens cDNA FLJ52973 complete cds. // chr1 // 100 // 65 // 17 // 17 // 0 /// AK303504 // GenBank // Homo sapiens cDNA FLJ54774 complete cds. // chr1 // 100 // 73 // 19 // 19 // 0 /// AK316243 // GenBank // Homo sapiens cDNA, FLJ79142 complete cds. // chr1 // 100 // 58 // 15 // 15 // 0 /// BC022547 // GenBank // Homo sapiens chromosome 1 open reading frame 93, mRNA (cDNA clone MGC:26818 IMAGE:4812314), complete cds. // chr1 // 88 // 100 // 23 // 26 // 0 /// CR749706 // GenBank HTC // Homo sapiens mRNA; cDNA DKFZp547M123 (from clone DKFZp547M123). // chr1 // 100 // 46 // 12 // 12 // 0 /// ENST00000477045 // ENSEMBL // havana:known chromosome:GRCh38:1:2587085:2588745:1 gene:ENSG00000157870 gene_biotype:protein_coding transcript_biotype:processed_transcript // chr1 // 31 // 31 // 8 // 26 // 1 /// ENST00000616280 // ENSEMBL // ensembl:known chromosome:GRCh38:CHR_HSCHR1_1_CTG3:2586750:2591467:1 gene:ENSG00000275125 gene_biotype:protein_coding transcript_biotype:protein_coding // chr1 // 100 // 100 // 26 // 26 // 0 /// ENST00000617400 // ENSEMBL // ensembl:known chromosome:GRCh38:CHR_HSCHR1_1_CTG3:2586750:2591467:1 gene:ENSG00000275125 gene_biotype:protein_coding transcript_biotype:protein_coding // chr1 // 100 // 85 // 22 // 22 // 0 /// NONHSAT000470 // NONCODE // Non-coding transcript identified by NONCODE: Antisense,Exonic // chr1 // 100 // 46 // 12 // 12 // 0 /// GENSCAN00000004814 // ENSEMBL // cdna:genscan chromosome:GRCh38:CHR_HSCHR1_1_CTG3:2556811:2589427:1 transcript_biotype:protein_coding // chr1 // 46 // 46 // 12 // 26 // 1 /// GENSCAN00000045689 // ENSEMBL // cdna:genscan chromosome:GRCh38:1:2556811:2589427:1 transcript_biotype:protein_coding // chr1 // 46 // 46 // 12 // 26 // 1",main
